Date, Close , Open , High , Low , Adj Close , Volume , 3-Day Average , Next Day's Close ,Prediction
31/12/2014,46.06,46.57,46.7,46.01,37.23,1711600,46.06,45.72,
2/1/2015,45.72,45.73,45.91,45.41,36.95,1573200,45.89,44.43,
5/1/2015,44.43,44.26,44.51,43.84,35.91,3017700,45.4,44.96,
6/1/2015,44.96,44.61,45.3,44.34,36.34,4357200,45.04,45.38,
7/1/2015,45.38,44.77,45.66,44.7,36.68,2919200,44.92,45.69,
8/1/2015,45.69,45.5,46.08,45.38,36.93,2797100,45.34,45.53,
9/1/2015,45.53,45.33,45.62,45.05,36.8,1919900,45.53,44.57,
12/1/2015,44.57,44.33,44.72,43.9,36.02,2781700,45.26,43.88,
13/01/2015,43.88,44.38,44.57,43.6,35.46,2684400,44.66,42.95,
14/01/2015,42.95,42.33,43.01,42.07,34.71,5529200,43.8,43.1,
15/01/2015,43.1,43.24,43.44,42.97,34.83,2895700,43.31,44.2,
16/01/2015,44.2,43.68,44.2,43.59,35.72,2623200,43.42,43.97,
20/01/2015,43.97,43.86,44.09,43.59,35.54,2007500,43.76,44.56,
21/01/2015,44.56,43.7,44.61,43.62,36.01,1833900,44.24,44.9,
22/01/2015,44.9,45.09,45.25,44.49,36.29,2776100,44.48,43.08,
23/01/2015,43.08,43.52,43.67,43.02,34.82,2708100,44.18,43.67,
26/01/2015,43.67,43.03,43.9,42.83,35.29,2466200,43.88,43.76,
27/01/2015,43.76,43.5,43.89,43.23,35.37,1322300,43.5,43.27,
28/01/2015,43.27,44.08,44.08,43.22,34.97,1748300,43.57,44.29,
29/01/2015,44.29,43.97,44.36,43.35,35.8,4091500,43.77,44.13,
30/01/2015,44.13,43.72,44.7,43.53,35.67,2459800,43.9,45.18,
2/2/2015,45.18,44.35,45.24,44.26,36.51,2683800,44.53,47.33,
3/2/2015,47.33,45.93,47.42,45.67,38.25,7895200,45.55,46.27,
4/2/2015,46.27,46.38,46.65,46.06,37.4,2698200,46.26,47.44,
5/2/2015,47.44,46.96,47.57,46.74,38.34,4201500,47.01,46.24,
6/2/2015,46.24,46.28,46.6,46.09,37.37,2390000,46.65,47,
9/2/2015,47,46.64,47.38,46.63,37.99,1965800,46.89,45.79,
10/2/2015,45.79,46.06,46.12,45.44,37.01,2738600,46.34,45.8,
11/2/2015,45.8,45.53,45.97,44.85,37.02,3110200,46.2,47.15,
12/2/2015,47.15,47.31,47.38,46.74,38.11,5140400,46.25,49.37,
13/02/2015,49.37,48.15,49.41,48.15,39.9,4302900,47.44,49.37,
17/02/2015,49.37,49.13,49.52,48.85,39.9,2844400,48.63,49.35,
18/02/2015,49.35,48.79,49.83,48.73,39.89,3354200,49.36,49.61,
19/02/2015,49.61,49.64,50.03,49.21,40.1,2903100,49.44,49.94,
20/02/2015,49.94,49.68,50.07,49.59,40.36,1993600,49.63,48.57,
23/02/2015,48.57,49,49.11,48.4,39.25,3227200,49.37,49.42,
24/02/2015,49.42,49.11,49.72,48.93,39.94,1996400,49.31,49.17,
25/02/2015,49.17,49.27,49.46,48.95,39.74,1597800,49.05,49.3,
26/02/2015,49.3,49.38,49.51,49,39.84,1577900,49.3,49.33,
27/02/2015,49.33,49.17,49.67,49.13,39.87,3348900,49.27,48.47,
2/3/2015,48.47,48.66,48.84,48.19,39.17,2501300,49.03,48.25,
3/3/2015,48.25,48.27,48.6,48.09,39,2532300,48.68,46.12,
4/3/2015,46.12,46.09,46.27,45.68,38.19,2667200,47.61,45.47,
5/3/2015,45.47,45.72,45.8,45.36,37.65,4409000,46.61,44.23,
6/3/2015,44.23,44.24,44.55,43.94,36.63,3675200,45.27,44.12,
9/3/2015,44.12,44.04,44.22,43.82,36.53,1741300,44.61,42.91,
10/3/2015,42.91,43.39,43.5,42.82,35.53,2799200,43.75,42.53,
11/3/2015,42.53,42.79,42.85,42.28,35.22,2689900,43.19,42.68,
12/3/2015,42.68,43.59,43.62,42.5,35.34,1714100,42.71,41.9,
13/03/2015,41.9,42.06,42.08,41.37,34.7,2030400,42.37,42.51,
16/03/2015,42.51,42.08,42.54,41.71,35.2,2153800,42.36,42.55,
17/03/2015,42.55,42.77,43.08,42.4,35.23,1894000,42.32,42.94,
18/03/2015,42.94,41.69,43.08,41.5,35.56,3193800,42.67,42.08,
19/03/2015,42.08,42.5,42.51,41.96,34.85,1974300,42.52,43.58,
20/03/2015,43.58,42.95,43.84,42.81,36.09,3862600,42.87,44.19,
23/03/2015,44.19,44.16,44.37,43.86,36.59,2491700,43.28,43.04,
24/03/2015,43.04,43.67,43.83,42.92,35.64,3195700,43.6,43.3,
25/03/2015,43.3,43.82,44.03,43.25,35.86,2159600,43.51,42.72,
26/03/2015,42.72,43.21,43.46,42.61,35.38,2024500,43.02,41.88,
27/03/2015,41.88,41.95,42.11,41.56,34.68,2098000,42.63,42.37,
30/03/2015,42.37,42.08,42.75,41.73,35.09,3280800,42.32,41.4,
31/03/2015,41.4,41.32,41.69,41.18,34.28,2451400,41.88,41.1,
1/4/2015,41.1,41.03,41.43,40.96,34.03,3280400,41.62,41.2,
2/4/2015,41.2,41.05,41.23,40.75,34.12,2993000,41.23,41.68,
6/4/2015,41.68,41.49,42.04,41.46,34.51,1991300,41.33,42.48,
7/4/2015,42.48,42.25,43.14,42.1,35.18,3252600,41.79,42.55,
8/4/2015,42.55,43.64,43.67,42.35,35.23,1994000,42.24,42.13,
9/4/2015,42.13,42.12,42.57,41.99,34.89,2258600,42.39,41.45,
10/4/2015,41.45,41.58,41.75,41.37,34.32,4080500,42.04,40.96,
13/04/2015,40.96,41.52,41.67,40.8,33.92,3306300,41.51,42.82,
14/04/2015,42.82,42.65,43.07,42.47,35.46,3666100,41.74,42.59,
15/04/2015,42.59,42.82,43.37,41.16,35.27,5642200,42.12,42.45,
16/04/2015,42.45,43.07,43.22,42.16,35.15,4571400,42.62,42.02,
17/04/2015,42.02,41.71,42.11,41.69,34.8,1913400,42.35,42.6,
20/04/2015,42.6,42.45,43.08,42.36,35.28,2187100,42.36,41.71,
21/04/2015,41.71,41.98,42.21,41.46,34.54,3154400,42.11,43.39,
22/04/2015,43.39,42.79,43.47,42.61,35.93,4577500,42.57,44.87,
23/04/2015,44.87,44,45.01,43.92,37.16,4008400,43.32,45.72,
24/04/2015,45.72,45.92,46.18,45.54,37.86,5026800,44.66,45.63,
27/04/2015,45.63,45.54,46.09,45.46,37.79,2505000,45.41,45.68,
28/04/2015,45.68,45.88,45.99,45.45,37.83,2648500,45.68,45.16,
29/04/2015,45.16,44.92,45.39,44.64,37.4,2617900,45.49,44.79,
30/04/2015,44.79,44.12,45.09,43.95,37.09,4398300,45.21,45.87,
1/5/2015,45.87,46.32,46.35,45.26,37.98,2837400,45.27,45.79,
4/5/2015,45.79,45.98,46.08,45.58,37.92,1223600,45.48,45.91,
5/5/2015,45.91,45.95,46.43,45.74,38.02,2258900,45.86,45.67,
6/5/2015,45.67,46.11,46.17,45.45,37.82,2193100,45.79,45.62,
7/5/2015,45.62,45.42,45.62,44.93,37.78,2733600,45.73,46.11,
8/5/2015,46.11,46.34,46.45,45.59,38.18,1915700,45.8,46.88,
11/5/2015,46.88,47.03,47.37,46.65,38.82,3326900,46.2,46.77,
12/5/2015,46.77,46.5,47.09,46.35,38.73,1816400,46.59,46.48,
13/05/2015,46.48,46.79,47.13,46.42,38.49,2415200,46.71,46.36,
14/05/2015,46.36,46.71,46.98,46.27,38.39,1590200,46.54,46.13,
15/05/2015,46.13,46.24,46.33,45.95,38.2,2112200,46.32,45.64,
18/05/2015,45.64,45.92,46.16,45.56,37.79,1591500,46.04,44.25,
19/05/2015,44.25,44.35,44.53,43.91,36.64,3195900,45.34,44.63,
20/05/2015,44.63,44.71,45,44.35,36.96,1825900,44.84,44.97,
21/05/2015,44.97,45.25,45.27,44.84,37.24,1652800,44.62,44.88,
22/05/2015,44.88,45.07,45.34,44.8,37.16,2335500,44.83,44.3,
26/05/2015,44.3,44.75,44.79,44.02,36.68,1733100,44.72,44.43,
27/05/2015,44.43,44.04,44.51,43.91,36.79,2088200,44.54,44.14,
28/05/2015,44.14,43.93,44.23,43.56,36.55,1795900,44.29,43.77,
29/05/2015,43.77,43.86,44.1,43.5,36.24,1435900,44.11,43.17,
1/6/2015,43.17,43.77,43.88,42.92,35.75,1833500,43.69,44.69,
2/6/2015,44.69,43.86,45,43.8,37.01,2481800,43.88,44.1,
3/6/2015,44.1,44.4,44.65,43.94,36.52,2674800,43.99,43.84,
4/6/2015,43.84,44.09,44.32,43.63,36.3,1341300,44.21,43.63,
5/6/2015,43.63,43.45,44.1,43.3,36.13,1371100,43.86,43.25,
8/6/2015,43.25,43.46,43.66,43.02,35.81,1587300,43.57,42.42,
9/6/2015,42.42,42.98,43.09,42.39,35.13,2748800,43.1,43.9,
10/6/2015,43.9,44.02,44.44,43.63,36.35,3348800,43.19,44.17,
11/6/2015,44.17,44.02,44.23,43.67,36.58,1839300,43.5,44.04,
12/6/2015,44.04,44.03,44.2,43.73,36.47,1435100,44.04,43.61,
15/06/2015,43.61,43.61,43.87,43.51,36.11,1349500,43.94,43.01,
16/06/2015,43.01,43.06,43.14,42.81,35.62,1625000,43.55,43.27,
17/06/2015,43.27,43.11,43.44,42.66,35.83,1652500,43.3,43.68,
18/06/2015,43.68,43.67,43.87,43.29,36.17,1564000,43.32,43.16,
19/06/2015,43.16,43.51,43.7,43.13,35.74,1555800,43.37,43.53,
22/06/2015,43.53,43.75,43.93,43.48,36.05,1189000,43.46,43.8,
23/06/2015,43.8,43.18,43.85,43.16,36.27,1834100,43.5,43.59,
24/06/2015,43.59,43.88,44.19,43.51,36.1,1506700,43.64,42.9,
25/06/2015,42.9,43.38,43.49,42.84,35.52,1343100,43.43,42.84,
26/06/2015,42.84,42.72,42.98,42.6,35.47,1018200,43.11,42.04,
29/06/2015,42.04,42.36,42.61,42.01,34.81,1415900,42.59,41.21,
30/06/2015,41.21,42.11,42.11,40.85,34.12,4930600,42.03,40.73,
1/7/2015,40.73,41.05,41.14,40.62,33.73,2832800,41.33,41.04,
2/7/2015,41.04,41.28,41.64,40.85,33.98,2034100,40.99,40.14,
6/7/2015,40.14,39.96,40.49,39.67,33.24,2696100,40.64,39.72,
7/7/2015,39.72,39.16,39.88,38.26,32.89,4327600,40.3,38.17,
8/7/2015,38.17,38.4,38.65,37.96,31.61,4235500,39.34,38.53,
9/7/2015,38.53,39.25,39.44,38.53,31.91,2650500,38.81,39.14,
10/7/2015,39.14,39.81,39.82,39.1,32.41,3449500,38.61,40.67,
13/07/2015,40.67,39.87,40.98,39.5,33.68,6235200,39.45,40.51,
14/07/2015,40.51,40.68,40.69,40.09,33.55,3119700,40.11,40.47,
15/07/2015,40.47,40.66,40.66,40.14,33.51,3610200,40.55,40.81,
16/07/2015,40.81,41.06,41.2,40.56,33.79,2228000,40.6,40.35,
17/07/2015,40.35,40.58,40.59,40.16,33.41,1721500,40.54,40.01,
20/07/2015,40.01,40.28,40.42,39.92,33.13,2209000,40.39,39.99,
21/07/2015,39.99,39.91,40.61,39.81,33.11,4651100,40.12,39.03,
22/07/2015,39.03,38.98,39.4,38.81,32.32,2784600,39.68,38.53,
23/07/2015,38.53,39.08,39.27,38.4,31.91,2546200,39.18,37.39,
24/07/2015,37.39,38.08,38.1,37.09,30.96,4963900,38.32,36.97,
27/07/2015,36.97,37.34,37.59,36.8,30.61,3139800,37.63,37.78,
28/07/2015,37.78,37.8,37.97,37.45,31.28,3475300,37.38,38.49,
29/07/2015,38.49,38.01,38.67,37.97,31.87,2595600,37.75,38.2,
30/07/2015,38.2,38.49,38.62,37.98,31.63,2057500,38.16,38.62,
31/07/2015,38.62,38.96,39.04,38.52,31.98,2036500,38.44,37.77,
3/8/2015,37.77,37.87,38.08,37.58,31.28,2385300,38.2,38.5,
4/8/2015,38.5,38.65,39.05,38.25,31.88,2127600,38.3,39.47,
5/8/2015,39.47,40.11,40.24,39.46,32.68,4045800,38.58,40.27,
6/8/2015,40.27,39.82,40.47,39.51,33.35,2963900,39.41,39.8,
7/8/2015,39.8,39.95,40.22,39.7,32.96,2638100,39.85,41.6,
10/8/2015,41.6,40.11,41.69,39.94,34.45,3416700,40.56,40.07,
11/8/2015,40.07,40.18,40.3,39.69,33.18,3276300,40.49,39.29,
12/8/2015,39.29,38.88,39.33,38.5,33.41,2929100,40.32,38.44,
13/08/2015,38.44,38.59,38.74,38.18,32.69,1607800,39.27,38.59,
14/08/2015,38.59,38.41,38.83,38.4,32.81,1328800,38.77,38.24,
17/08/2015,38.24,38.22,38.33,37.97,32.52,1839400,38.42,37.77,
18/08/2015,37.77,37.59,37.91,37.48,32.12,1851200,38.2,36.57,
19/08/2015,36.57,36.79,37.11,36.07,31.1,3512800,37.53,36.74,
20/08/2015,36.74,37.23,37.3,36.74,31.24,2153500,37.03,35.99,
21/08/2015,35.99,36.65,36.9,35.98,30.6,2516700,36.43,34.14,
24/08/2015,34.14,33.59,35.21,33.25,29.03,5314900,35.62,34.3,
25/08/2015,34.3,35.58,35.58,34.3,29.17,3737100,34.81,34.71,
26/08/2015,34.71,35.12,35.13,33.82,29.52,2852500,34.38,36.56,
27/08/2015,36.56,35.23,36.8,35.23,31.09,4499300,35.19,36.6,
28/08/2015,36.6,35.8,36.95,35.8,31.12,2924400,35.96,36.72,
31/08/2015,36.72,36.14,36.94,35.79,31.22,1759300,36.63,34.32,
1/9/2015,34.32,34.71,35.29,34.12,29.18,3433800,35.88,35.2,
2/9/2015,35.2,35.6,35.63,34.48,29.93,3172400,35.41,35.59,
3/9/2015,35.59,35.45,36.32,35.38,30.26,3029700,35.04,34.23,
4/9/2015,34.23,34.14,34.45,33.83,29.11,3201500,35.01,35.93,
8/9/2015,35.93,35.3,36.01,35.18,30.55,3341200,35.25,35.99,
9/9/2015,35.99,37.13,37.31,35.86,30.6,3134200,35.38,36.38,
10/9/2015,36.38,36.36,36.83,36.05,30.94,3349200,36.1,37.21,
11/9/2015,37.21,37.25,37.28,36.68,31.64,5021400,36.53,37.44,
14/09/2015,37.44,36.85,37.47,36.34,31.84,3141000,37.01,36.9,
15/09/2015,36.9,36.72,36.99,36.43,31.38,5615300,37.18,37.21,
16/09/2015,37.21,36.81,37.37,36.8,31.64,4327900,37.18,36.76,
17/09/2015,36.76,36.59,37.42,36.41,31.26,4249600,36.96,35.52,
18/09/2015,35.52,35.85,36.17,35.27,30.2,5074100,36.5,35.32,
21/09/2015,35.32,35.38,35.58,35.06,30.03,2836000,35.87,34.04,
22/09/2015,34.04,34.1,34.19,33.62,28.95,4488500,34.96,33.54,
23/09/2015,33.54,34.46,34.59,33.54,28.52,3781900,34.3,34.02,
24/09/2015,34.02,33.49,34.09,33.28,28.93,5438800,33.87,33.6,
25/09/2015,33.6,33.93,34.02,33.46,28.57,2685400,33.72,32.06,
28/09/2015,32.06,32.38,32.42,31.97,27.26,3199400,33.23,32.65,
29/09/2015,32.65,32.83,32.9,32.37,27.76,3409200,32.77,33.82,
30/09/2015,33.82,33.39,33.86,33.26,28.76,4655300,32.84,33.76,
1/10/2015,33.76,34.22,34.45,33.38,28.71,2907800,33.41,34.78,
2/10/2015,34.78,33.79,34.83,33.44,29.57,5048800,34.12,35.27,
5/10/2015,35.27,35.12,35.73,35.08,29.99,4294000,34.6,35.42,
6/10/2015,35.42,35.23,35.59,35.1,30.12,2584500,35.16,38.19,
7/10/2015,38.19,38.57,38.87,37.83,32.47,7571400,36.29,38.81,
8/10/2015,38.81,38.23,38.96,37.96,33,5707100,37.47,39.74,
9/10/2015,39.74,39.79,40.05,39.53,33.79,5070300,38.91,38.95,
12/10/2015,38.95,39.36,39.37,38.66,33.12,2533400,39.17,38.17,
13/10/2015,38.17,37.96,38.6,37.96,32.46,2474600,38.95,39.24,
14/10/2015,39.24,39.15,39.37,38.89,33.37,5407300,38.79,39.21,
15/10/2015,39.21,39.14,39.27,38.75,33.34,2699300,38.87,38.36,
16/10/2015,38.36,39.01,39.1,38.27,32.62,2790200,38.94,37.76,
19/10/2015,37.76,38.03,38.1,37.46,32.11,2488600,38.44,37.5,
20/10/2015,37.5,37.12,37.66,37.05,31.89,2786600,37.87,37.18,
21/10/2015,37.18,37.6,37.65,37.08,31.62,1827200,37.48,37.96,
22/10/2015,37.96,37.45,38.24,37.44,32.28,2052400,37.55,38.29,
23/10/2015,38.29,38.54,38.66,38.1,32.56,1978200,37.81,37.8,
26/10/2015,37.8,38.51,38.54,37.76,32.14,2018600,38.02,37.01,
27/10/2015,37.01,37.21,37.59,36.9,31.47,2697800,37.7,36.7,
28/10/2015,36.7,36.01,37.18,35.97,31.21,3535800,37.17,35.86,
29/10/2015,35.86,35.58,36.21,35.57,30.49,3598500,36.52,36.51,
30/10/2015,36.51,36.48,36.69,36.26,31.05,3174400,36.36,36.15,
2/11/2015,36.15,35.83,36.28,35.58,30.74,2823300,36.17,36.41,
3/11/2015,36.41,35.61,36.67,35.54,30.96,4063000,36.36,36.4,
4/11/2015,36.4,37.1,37.25,36.16,30.95,2937200,36.32,34.94,
5/11/2015,34.94,35.32,35.41,34.71,29.71,3134900,35.92,34.72,
6/11/2015,34.72,34.62,34.8,34.17,29.52,2642900,35.35,34.76,
9/11/2015,34.76,35.01,35.19,34.47,29.56,2345500,34.81,35.26,
10/11/2015,35.26,34.89,35.4,34.54,29.98,3839000,34.91,34.95,
11/11/2015,34.95,35.67,35.67,34.73,29.72,2001400,34.99,33.99,
12/11/2015,33.99,34.03,34.57,33.97,28.9,2641200,34.73,34.24,
13/11/2015,34.24,34.29,34.51,33.83,29.12,2536800,34.39,34.19,
16/11/2015,34.19,34.08,34.52,33.69,29.07,2148700,34.14,33.43,
17/11/2015,33.43,34.08,34.08,33.28,28.43,2846400,33.95,34.63,
18/11/2015,34.63,34.26,34.68,34.18,29.45,2676800,34.08,34.95,
19/11/2015,34.95,34.95,35.22,34.86,29.72,1832400,34.34,34.68,
20/11/2015,34.68,35.47,35.48,34.58,29.49,2016300,34.75,34.22,
23/11/2015,34.22,34.45,34.75,34.09,29.1,2780000,34.62,34.33,
24/11/2015,34.33,34.08,34.52,34.05,29.19,2228700,34.41,33.67,
25/11/2015,33.67,34,34.08,33.53,28.63,2491300,34.07,33.11,
27/11/2015,33.11,32.97,33.18,32.83,28.15,2406800,33.7,33.08,
30/11/2015,33.08,33.05,33.41,32.82,28.13,3522900,33.29,33.4,
1/12/2015,33.4,33.14,33.47,33.07,28.4,2647900,33.2,32.48,
2/12/2015,32.48,32.7,32.99,32.36,27.62,2583300,32.99,31.8,
3/12/2015,31.8,32.41,32.52,31.52,27.04,3866000,32.56,31.75,
4/12/2015,31.75,31.55,31.76,31.23,27,3399300,32.01,31.01,
7/12/2015,31.01,31.27,31.28,30.79,26.37,3936800,31.52,28.5,
8/12/2015,28.5,28.94,29.09,28.24,24.23,7861100,30.42,29.41,
9/12/2015,29.41,30.09,30.26,29.1,25.01,5725000,29.64,29.9,
10/12/2015,29.9,29.62,30.26,29.45,25.43,3517100,29.27,28.53,
11/12/2015,28.53,28.65,29,28.45,24.26,4758000,29.28,28.15,
14/12/2015,28.15,28.48,28.59,27.88,23.94,4906600,28.86,28.18,
15/12/2015,28.18,28.24,28.72,28.13,23.96,3719300,28.29,28.96,
16/12/2015,28.96,28.92,29.05,28.45,24.63,3390500,28.43,27.52,
17/12/2015,27.52,28.49,28.5,27.51,23.4,4352500,28.22,27.38,
18/12/2015,27.38,27.99,28.11,27.32,23.28,6799500,27.95,27.64,
21/12/2015,27.64,28.23,28.26,27.45,23.5,4834100,27.51,28.26,
22/12/2015,28.26,28.03,28.39,27.8,24.03,4143100,27.76,29.86,
23/12/2015,29.86,29.91,30.07,29.58,25.39,4817400,28.59,29.72,
24/12/2015,29.72,29.89,29.9,29.56,25.27,818800,29.28,29.4,
28/12/2015,29.4,29.4,29.43,29.1,25,2647700,29.66,29.27,
29/12/2015,29.27,29.28,29.55,28.93,24.89,2153100,29.46,29.09,
30/12/2015,29.09,29.09,29.24,28.87,24.74,2324900,29.25,29.12,
31/12/2015,29.12,28.94,29.29,28.91,24.76,1473100,29.16,28.41,
4/1/2016,28.41,28.24,28.58,27.77,24.16,4876100,28.87,28.65,
5/1/2016,28.65,28.88,28.92,28.24,24.36,2958300,28.73,27.03,
6/1/2016,27.03,26.99,27.14,26.69,22.98,6231200,28.03,25.81,
7/1/2016,25.81,25.76,26.34,25.7,21.95,5113000,27.16,25.07,
8/1/2016,25.07,25.85,25.94,25,21.32,6100400,25.97,24.74,
11/1/2016,24.74,25.54,25.56,24.4,21.04,8642600,25.21,24.02,
12/1/2016,24.02,24.67,24.67,23.49,20.43,7465500,24.61,23.81,
13/01/2016,23.81,24.82,24.93,23.72,20.25,4975600,24.19,25.2,
14/01/2016,25.2,24.81,25.38,24.32,21.43,8703800,24.34,23.62,
15/01/2016,23.62,23.51,23.9,23.23,20.09,5599300,24.21,23.32,
19/01/2016,23.32,23.87,23.93,23.07,19.83,4864100,24.05,22.7,
20/01/2016,22.7,22.68,23,21.89,19.3,6152600,23.21,23.87,
21/01/2016,23.87,23.22,24.08,23.01,20.3,6741700,23.3,23.77,
22/01/2016,23.77,24.5,24.65,23.45,20.21,7717600,23.45,22.83,
25/01/2016,22.83,23.17,23.31,22.71,19.41,6438600,23.49,24.39,
26/01/2016,24.39,23.75,24.43,23.56,20.74,5715200,23.66,24.1,
27/01/2016,24.1,23.98,24.71,23.81,20.49,4756900,23.77,24.46,
28/01/2016,24.46,25.18,25.2,24.2,20.8,4477000,24.32,24.65,
29/01/2016,24.65,23.95,24.7,23.91,20.96,3615700,24.4,24.5,
1/2/2016,24.5,24.09,24.66,23.75,20.83,2804800,24.54,23.25,
2/2/2016,23.25,23.08,23.34,22.88,19.77,3998500,24.13,25.05,
3/2/2016,25.05,24.48,25.07,23.77,21.3,6284900,24.27,26.96,
4/2/2016,26.96,26.58,27.58,26.51,22.93,10771200,25.09,26.21,
5/2/2016,26.21,26.06,26.66,25.99,22.29,4727500,26.07,26.43,
8/2/2016,26.43,25.98,26.71,25.87,22.47,6066400,26.53,25.36,
9/2/2016,25.36,25.03,25.6,24.88,21.56,5596800,26,25.25,
10/2/2016,25.25,25.33,25.76,25.06,21.47,5037400,25.68,24.59,
11/2/2016,24.59,24.52,25,24.29,20.91,7738700,25.07,26.52,
12/2/2016,26.52,26.26,26.73,25.97,22.55,6439500,25.45,26.84,
16/02/2016,26.84,26.28,26.89,25.86,22.82,5003500,25.98,27.63,
17/02/2016,27.63,27.11,27.99,27.11,23.5,5674300,27,27.16,
18/02/2016,27.16,27.23,27.31,26.88,23.1,4758800,27.21,27.37,
19/02/2016,27.37,26.73,27.4,26.67,23.27,5103100,27.39,29.11,
22/02/2016,29.11,28.43,29.24,28.36,24.75,6848800,27.88,27.99,
23/02/2016,27.99,28.47,28.64,27.78,23.8,7086400,28.16,25.95,
24/02/2016,25.95,25.42,26.03,25.06,22.94,7945400,27.68,25.66,
25/02/2016,25.66,25.62,25.79,25.07,22.68,4726100,26.53,25.52,
26/02/2016,25.52,26.03,26.33,25.44,22.56,4312000,25.71,26.1,
29/02/2016,26.1,26.23,26.67,26.07,23.07,4090600,25.76,26.96,
1/3/2016,26.96,27.13,27.19,26.56,23.83,5164800,26.19,28.56,
2/3/2016,28.56,27.63,28.56,27.58,25.25,5464900,27.21,28.89,
3/3/2016,28.89,28.67,28.91,28.09,25.54,6106200,28.14,30.32,
4/3/2016,30.32,29.5,30.86,29.31,26.8,11020000,29.26,31.95,
7/3/2016,31.95,31.16,32.22,31.12,28.24,14249300,30.39,28.98,
8/3/2016,28.98,29.88,29.89,28.73,25.62,7580600,30.42,29.06,
9/3/2016,29.06,28.81,29.11,28.2,25.69,3176800,30,28.59,
10/3/2016,28.59,28.34,28.83,27.97,25.27,6457400,28.88,29.11,
11/3/2016,29.11,28.72,29.19,28.49,25.73,4654300,28.92,28.74,
14/03/2016,28.74,28.78,29.06,28.42,25.41,5115500,28.81,27.29,
15/03/2016,27.29,27.55,27.57,27.1,24.13,5100300,28.38,28.39,
16/03/2016,28.39,27.48,28.42,27.05,25.1,6664000,28.14,29.46,
17/03/2016,29.46,29.4,29.59,28.8,26.04,9135200,28.38,29.13,
18/03/2016,29.13,29.72,29.94,29.01,25.75,6057200,28.99,28.91,
21/03/2016,28.91,29.05,29.31,28.69,25.56,4917300,29.17,28.35,
22/03/2016,28.35,28.06,28.47,28.02,25.06,4992800,28.8,27.67,
23/03/2016,27.67,28.22,28.29,27.49,24.46,5059700,28.31,27.71,
24/03/2016,27.71,26.83,27.79,26.73,24.5,5266900,27.91,27.74,
28/03/2016,27.74,27.93,27.95,27.32,24.52,2548400,27.71,27.6,
29/03/2016,27.6,26.59,27.61,26.38,24.4,5157000,27.68,28.53,
30/03/2016,28.53,28.44,28.98,28.23,25.22,5113900,27.96,28.27,
31/03/2016,28.27,28.33,28.51,28.1,24.99,2830900,28.13,28.17,
1/4/2016,28.17,27.28,28.22,27.25,24.9,3577600,28.32,27.79,
4/4/2016,27.79,28.61,28.73,27.72,24.57,3146200,28.08,27.32,
5/4/2016,27.32,27,27.44,26.87,24.15,4722600,27.76,27.57,
6/4/2016,27.57,26.94,27.58,26.71,24.37,3388300,27.56,26.93,
7/4/2016,26.93,27.35,27.64,26.85,23.81,3217900,27.27,27.99,
8/4/2016,27.99,27.9,28.21,27.68,24.74,4019600,27.5,28.9,
11/4/2016,28.9,29.03,29.22,28.77,25.55,3224400,27.94,29.94,
12/4/2016,29.94,29.78,30.05,29.3,26.47,4112800,28.94,31.88,
13/04/2016,31.88,31.5,32,31.32,28.18,8338100,30.24,31.9,
14/04/2016,31.9,31.85,32.15,31.4,28.2,5789200,31.24,31.67,
15/04/2016,31.67,31.51,31.9,31.18,28,3703300,31.82,32.46,
18/04/2016,32.46,31.56,32.56,31.38,28.7,4062200,32.01,33.8,
19/04/2016,33.8,33.09,33.86,32.86,29.88,5199500,32.64,35.42,
20/04/2016,35.42,34.3,35.52,34.18,31.31,11197100,33.89,34.05,
21/04/2016,34.05,35.17,35.39,33.83,30.1,7453100,34.42,33.56,
22/04/2016,33.56,33.8,34.05,33.23,29.67,4502900,34.34,32.39,
25/04/2016,32.39,32.57,32.88,32.26,28.63,4322700,33.33,32.71,
26/04/2016,32.71,32.45,32.78,32,28.92,4030100,32.89,32.88,
27/04/2016,32.88,32.06,32.92,32.06,29.07,5422100,32.66,33.38,
28/04/2016,33.38,33.3,34.24,33.2,29.51,4978600,32.99,33.66,
29/04/2016,33.66,33.75,34.31,33.38,29.76,3976600,33.31,33.5,
2/5/2016,33.5,33.98,33.99,33.08,29.62,3757900,33.51,31.42,
3/5/2016,31.42,32.06,32.1,31.25,27.78,5774600,32.86,30.55,
4/5/2016,30.55,30.94,31.25,30.4,27.01,5358600,31.82,30.5,
5/5/2016,30.5,30.76,31.22,30.31,26.96,5039100,30.82,30.9,
6/5/2016,30.9,30.15,31.21,30.09,27.32,4238100,30.65,28.47,
9/5/2016,28.47,29.07,29.16,28.38,25.17,6281800,29.96,29.59,
10/5/2016,29.59,28.89,29.65,28.8,26.16,5291800,29.65,29.4,
11/5/2016,29.4,29.62,29.8,29.13,25.99,4476000,29.15,28.7,
12/5/2016,28.7,29.4,29.6,28.47,25.37,4105700,29.23,28.29,
13/05/2016,28.29,28.47,28.88,28.24,25.01,3758000,28.8,29.02,
16/05/2016,29.02,29.13,29.66,28.98,25.65,3607600,28.67,29.44,
17/05/2016,29.44,29.18,29.89,28.9,26.03,3823200,28.92,28.46,
18/05/2016,28.46,28.77,29.5,28.38,25.16,4877700,28.97,28.79,
19/05/2016,28.79,27.91,28.93,27.73,25.45,5533700,28.9,28.31,
20/05/2016,28.31,29.1,29.31,28.14,25.03,4840600,28.52,28.34,
23/05/2016,28.34,27.99,28.53,27.86,25.05,3925900,28.48,28.64,
24/05/2016,28.64,28.72,28.92,28.42,25.32,3912800,28.43,29.5,
25/05/2016,29.5,29.12,29.61,29.02,26.08,3883600,28.83,28.92,
26/05/2016,28.92,29.57,29.74,28.83,25.57,3901500,29.02,28.73,
27/05/2016,28.73,29.24,29.27,28.51,25.4,3585200,29.05,28.04,
31/05/2016,28.04,28.48,29.01,28.03,24.79,4038600,28.56,27.52,
1/6/2016,27.52,27.21,27.63,27,24.33,8144100,28.1,27.58,
2/6/2016,27.58,27.18,27.58,27.15,24.38,4515000,27.71,28.34,
3/6/2016,28.34,27.9,28.38,27.65,25.05,5145600,27.81,29.83,
6/6/2016,29.83,29.23,29.89,29.1,26.37,6374400,28.58,29.39,
7/6/2016,29.39,29.45,29.88,29.38,25.98,5425000,29.19,29.93,
8/6/2016,29.93,29.99,30.42,29.89,26.46,4862900,29.72,28.75,
9/6/2016,28.75,29.1,29.26,28.66,25.42,5089500,29.36,27.94,
10/6/2016,27.94,28.1,28.46,27.8,24.7,5404500,28.87,28.07,
13/06/2016,28.07,27.78,28.37,27.77,24.81,4970900,28.25,27.32,
14/06/2016,27.32,27.71,27.89,26.95,24.15,4605400,27.78,28.31,
15/06/2016,28.31,28.01,28.69,27.98,25.03,4985100,27.9,28.45,
16/06/2016,28.45,27.83,28.5,27.35,25.15,4132700,28.03,29.19,
17/06/2016,29.19,28.84,29.41,28.75,25.8,4380800,28.65,30.05,
20/06/2016,30.05,30.05,30.46,29.98,26.57,4322700,29.23,30.17,
21/06/2016,30.17,30.25,30.33,29.75,26.67,3386100,29.8,30.34,
22/06/2016,30.34,30.84,30.98,30.22,26.82,4979700,30.19,31.09,
23/06/2016,31.09,31.25,31.26,30.58,27.48,5117100,30.53,28.76,
24/06/2016,28.76,28.44,29.61,28.43,25.42,9108700,30.06,28.01,
27/06/2016,28.01,28.01,28.35,27.74,24.76,5702500,29.29,28.96,
28/06/2016,28.96,28.97,29.4,28.71,25.6,6529600,28.58,29.95,
29/06/2016,29.95,29.97,30.29,29.67,26.48,4769100,28.97,31.3,
30/06/2016,31.3,30.62,31.31,30.25,27.67,7483800,30.07,31.57,
1/7/2016,31.57,31.08,31.67,31.02,27.91,4142600,30.94,30.5,
5/7/2016,30.5,31.05,31.26,30.31,26.96,4249300,31.12,30.89,
6/7/2016,30.89,30.19,30.9,29.98,27.31,3382000,30.99,30.28,
7/7/2016,30.28,31.33,31.46,30.09,26.77,4272300,30.56,31.59,
8/7/2016,31.59,30.82,31.63,30.8,27.93,5432700,30.92,32.13,
11/7/2016,32.13,31.89,32.34,31.83,28.4,3876500,31.33,33.19,
12/7/2016,33.19,33.04,33.37,32.67,29.34,5857900,32.3,33.14,
13/07/2016,33.14,33.72,33.73,32.69,29.3,5376600,32.82,33.47,
14/07/2016,33.47,33.72,33.77,33.25,29.59,4358000,33.27,32.86,
15/07/2016,32.86,33.1,33.37,32.7,29.05,3762000,33.16,32.99,
18/07/2016,32.99,32.73,33.03,32.43,29.16,2740900,33.11,31.19,
19/07/2016,31.19,31.58,31.75,31.04,27.57,5094100,32.35,30.8,
20/07/2016,30.8,30.73,31.06,30.47,27.23,3396900,31.66,31.57,
21/07/2016,31.57,31.58,31.92,31.38,27.91,3137600,31.19,31.35,
22/07/2016,31.35,31.37,31.43,31,27.71,1827900,31.24,31.07,
25/07/2016,31.07,31.38,31.39,30.79,27.47,1990500,31.33,32.39,
26/07/2016,32.39,31.73,32.43,31.65,28.63,3950700,31.6,32.82,
27/07/2016,32.82,32.6,32.97,32.3,29.01,4071800,32.09,32.84,
28/07/2016,32.84,32.61,32.86,32.3,29.03,4868600,32.68,32.82,
29/07/2016,32.82,32.55,32.99,32.37,29.01,3311400,32.83,32.68,
1/8/2016,32.68,33.24,33.24,32.58,28.89,4135800,32.78,32.79,
2/8/2016,32.79,32.89,32.93,32.36,28.99,3317700,32.76,33.02,
3/8/2016,33.02,32.35,33.04,32.13,29.19,3624800,32.83,32.46,
4/8/2016,32.46,32.08,32.52,31.77,28.7,5462400,32.76,32.74,
5/8/2016,32.74,32.55,32.81,32.35,28.94,3283900,32.74,33.27,
8/8/2016,33.27,33.15,33.52,33.05,29.41,3637800,32.82,32.87,
9/8/2016,32.87,32.89,33.27,32.79,29.06,2544300,32.96,32.07,
10/8/2016,32.07,32.82,32.86,32.06,28.74,3264100,32.74,32.46,
11/8/2016,32.46,32.28,32.54,32.03,29.09,3975500,32.47,31.08,
12/8/2016,31.08,31.62,31.74,30.98,27.85,4426400,31.87,31.73,
15/08/2016,31.73,31.32,31.76,31.31,28.44,2898200,31.76,32.4,
16/08/2016,32.4,32.39,32.67,32.16,29.04,3964300,31.74,32.22,
17/08/2016,32.22,32.04,32.4,31.64,28.88,2840800,32.12,32.63,
18/08/2016,32.63,32.8,32.8,32.37,29.24,2486000,32.42,32.06,
19/08/2016,32.06,32.03,32.22,31.76,28.73,2820900,32.3,31.61,
22/08/2016,31.61,31.34,31.69,31.22,28.33,3619000,32.1,32.13,
23/08/2016,32.13,32.17,32.57,32.1,28.79,3531100,31.93,31.5,
24/08/2016,31.5,31.97,32.04,31.47,28.23,2755900,31.75,31.82,
25/08/2016,31.82,31.56,31.89,31.49,28.52,2664700,31.82,31.54,
26/08/2016,31.54,32.37,32.83,31.24,28.27,6799500,31.62,31.69,
29/08/2016,31.69,31.4,31.77,31.25,28.4,2862700,31.68,30.6,
30/08/2016,30.6,31.19,31.27,30.48,27.42,3397900,31.28,30.17,
31/08/2016,30.17,30.19,30.41,30.04,27.04,3806100,30.82,30.78,
1/9/2016,30.78,30.64,30.82,30.28,27.58,2429600,30.52,31.13,
2/9/2016,31.13,31.39,31.43,30.7,27.9,5074800,30.69,31.58,
6/9/2016,31.58,31.27,31.59,31.04,28.3,2574000,31.16,31.04,
7/9/2016,31.04,31.14,31.34,30.75,27.82,3176400,31.25,31.47,
8/9/2016,31.47,31.6,31.83,31.32,28.2,2802000,31.36,30.74,
9/9/2016,30.74,31.36,31.42,30.71,27.55,2759100,31.08,31.12,
12/9/2016,31.12,30.06,31.21,29.99,27.89,4519000,31.11,29.8,
13/09/2016,29.8,30.39,30.49,29.62,26.71,4193900,30.55,30.32,
14/09/2016,30.32,30.14,30.45,29.9,27.17,4111600,30.41,30.49,
15/09/2016,30.49,29.99,30.6,29.91,27.32,4211100,30.2,29.9,
16/09/2016,29.9,30,30.23,29.79,26.8,3812200,30.24,30.8,
19/09/2016,30.8,30.95,31.05,30.7,27.6,3278900,30.4,30.91,
20/09/2016,30.91,30.9,31,30.69,27.7,2157200,30.54,32.04,
21/09/2016,32.04,31.26,32.1,31.26,28.71,3383700,31.25,32.52,
22/09/2016,32.52,33.06,33.15,32.49,29.14,4703600,31.82,32.41,
23/09/2016,32.41,32.42,32.76,32.33,29.05,3075200,32.32,32.17,
26/09/2016,32.17,32.41,32.53,32.15,28.83,2134300,32.37,32.23,
27/09/2016,32.23,31.71,32.32,31.61,28.88,2094900,32.27,33.74,
28/09/2016,33.74,32.91,33.77,32.67,30.24,7921100,32.71,33.7,
29/09/2016,33.7,33.72,34.34,33.49,30.2,5105900,33.22,33.4,
30/09/2016,33.4,33.79,33.87,33.29,29.93,3756800,33.61,33.56,
3/10/2016,33.56,33.41,33.62,33.21,30.08,2107700,33.55,33.1,
4/10/2016,33.1,34.16,34.16,32.94,29.66,3784500,33.35,33.72,
5/10/2016,33.72,33.57,33.96,33.33,30.22,2184100,33.46,33.18,
6/10/2016,33.18,33.3,33.51,33.1,29.74,1929100,33.33,33.16,
7/10/2016,33.16,33.68,33.72,32.96,29.72,6391300,33.35,33.71,
10/10/2016,33.71,33.42,33.94,33.4,30.21,3035900,33.35,32.58,
11/10/2016,32.58,33.74,33.77,32.38,29.2,3884900,33.15,32.81,
12/10/2016,32.81,32.97,33.4,32.72,29.4,5021200,33.03,31.81,
13/10/2016,31.81,31.27,32.02,31.24,28.51,4797200,32.4,31.77,
14/10/2016,31.77,32.09,32.37,31.76,28.47,2556400,32.13,31.81,
17/10/2016,31.81,31.67,31.97,31.67,28.51,2891600,31.8,32.55,
18/10/2016,32.55,32.71,32.72,32.27,29.17,2708900,32.04,32.62,
19/10/2016,32.62,32.25,32.69,32.1,29.23,4149600,32.33,32.42,
20/10/2016,32.42,32.24,32.59,31.89,29.05,3467600,32.53,32.87,
21/10/2016,32.87,32.59,33.16,32.47,29.46,3523900,32.64,33.12,
24/10/2016,33.12,33.28,33.35,32.84,29.68,2908900,32.8,34.12,
25/10/2016,34.12,34.01,34.45,33.98,30.58,4359300,33.37,34.21,
26/10/2016,34.21,34.08,34.47,33.93,30.66,2911900,33.82,34.24,
27/10/2016,34.24,34.45,34.58,34.1,30.69,2672200,34.19,34.53,
28/10/2016,34.53,34.5,34.82,34.4,30.95,3112700,34.33,34.85,
31/10/2016,34.85,34.74,35,34.64,31.23,2089800,34.54,34.68,
1/11/2016,34.68,35.32,35.37,34.51,31.08,4180600,34.69,34.45,
2/11/2016,34.45,34.93,35.13,34.42,30.87,4922400,34.66,34.56,
3/11/2016,34.56,34.66,34.95,34.45,30.97,2420200,34.56,33.93,
4/11/2016,33.93,34.05,34.33,33.91,30.41,3161200,34.31,35.28,
7/11/2016,35.28,35.11,35.29,34.89,31.62,2985100,34.59,35.72,
8/11/2016,35.72,35.22,35.9,35.08,32.01,3851800,34.98,38.24,
9/11/2016,38.24,37.35,38.47,37.29,34.27,8236500,36.41,39.29,
10/11/2016,39.29,39.74,40.19,39.06,35.21,10019700,37.75,39.08,
11/11/2016,39.08,38.96,39.15,38.3,35.02,4362300,38.87,39.65,
14/11/2016,39.65,38.9,39.65,38.86,35.53,5119400,39.34,38.13,
15/11/2016,38.13,37.49,38.15,37.22,34.17,4841800,38.95,37.36,
16/11/2016,37.36,37.46,37.62,37.04,33.48,3937500,38.38,37.56,
17/11/2016,37.56,37.58,37.98,37.32,33.66,2997400,37.68,36.55,
18/11/2016,36.55,36.59,36.85,36.25,32.76,3356700,37.16,37.51,
21/11/2016,37.51,37.22,37.56,37.11,33.62,3166100,37.21,39,
22/11/2016,39,38.3,39.08,38.05,34.95,4598100,37.69,39.39,
23/11/2016,39.39,37.97,39.41,37.95,35.3,6764300,38.63,39.35,
25/11/2016,39.35,39.11,39.42,38.81,35.27,2818100,39.25,39.45,
28/11/2016,39.45,39,39.65,38.92,35.35,5484100,39.4,38.34,
29/11/2016,38.34,38.46,38.84,38.22,34.36,4229600,39.05,37.91,
30/11/2016,37.91,37.96,38.22,37.66,33.97,3387400,38.57,38.35,
1/12/2016,38.35,37.95,38.62,37.87,34.37,2885100,38.2,39.02,
2/12/2016,39.02,38,39.04,37.94,34.97,2444100,38.43,39.49,
5/12/2016,39.49,39.32,39.66,39.1,35.39,2676700,38.95,39.25,
6/12/2016,39.25,38.62,39.25,38.52,35.18,2634500,39.25,41.53,
7/12/2016,41.53,40.63,41.58,40.57,37.22,5568600,40.09,42.12,
8/12/2016,42.12,42.59,42.61,41.71,37.75,9437100,40.97,41.15,
9/12/2016,41.15,41.6,41.63,40.87,36.88,3853500,41.6,41.5,
12/12/2016,41.5,41.57,41.96,41.42,37.19,3032400,41.59,40.83,
13/12/2016,40.83,41.34,41.57,40.41,36.59,3303800,41.16,40.04,
14/12/2016,40.04,40.68,41.12,39.98,35.88,2975800,40.79,39.25,
15/12/2016,39.25,38.75,39.34,38.53,35.18,4518300,40.04,38.76,
16/12/2016,38.76,38.9,39.26,38.73,34.74,3625900,39.35,38.18,
19/12/2016,38.18,38.14,38.51,38.03,34.22,2808100,38.73,39.08,
20/12/2016,39.08,38.59,39.1,38.51,35.02,2468000,38.67,38.88,
21/12/2016,38.88,38.95,39.03,38.79,34.84,1943900,38.71,38.18,
22/12/2016,38.18,38.44,38.65,38.11,34.22,1961800,38.71,38.12,
23/12/2016,38.12,38.1,38.28,37.96,34.16,999800,38.39,38.35,
27/12/2016,38.35,38.23,38.46,38.22,34.37,868100,38.22,38.87,
28/12/2016,38.87,39.45,39.48,38.82,34.83,1923900,38.45,38.9,
29/12/2016,38.9,39.02,39.04,38.75,34.86,1754400,38.71,38.46,
30/12/2016,38.46,39.35,39.51,38.4,34.47,2868600,38.74,38.96,
3/1/2017,38.96,38.84,39.09,38.75,34.92,2426000,38.77,39.21,
4/1/2017,39.21,38.55,39.23,38.51,35.14,3119700,38.88,39.32,
5/1/2017,39.32,38.54,39.39,38.54,35.24,3898100,39.16,38.39,
6/1/2017,38.39,38.82,39.01,38.37,34.4,3582600,38.97,38.36,
9/1/2017,38.36,38.36,38.72,38.26,34.38,4081800,38.69,41,
10/1/2017,41,40.53,41.01,40.34,36.74,5717800,39.25,41.7,
11/1/2017,41.7,41.31,41.77,41.04,37.37,4782600,40.35,42.13,
12/1/2017,42.13,42.87,42.87,41.94,37.76,5007800,41.61,42.04,
13/01/2017,42.04,41.74,42.25,41.43,37.68,3089700,41.96,42.46,
17/01/2017,42.46,42.71,43,42.44,38.05,3511000,42.21,43.33,
18/01/2017,43.33,42.94,43.55,42.83,38.83,4121200,42.61,43.01,
19/01/2017,43.01,43.12,43.24,42.7,38.55,1832700,42.93,42.93,
20/01/2017,42.93,42.37,43.08,42.36,38.47,2422700,43.09,43.81,
23/01/2017,43.81,43.57,43.87,43.45,39.26,2830700,43.25,45.7,
24/01/2017,45.7,45.42,45.92,45.31,40.96,5937300,44.15,45.96,
25/01/2017,45.96,45.07,46.04,44.94,41.19,5233300,45.16,44.86,
26/01/2017,44.86,45.05,45.3,44.61,40.2,3439900,45.51,45.35,
27/01/2017,45.35,45.01,45.39,44.86,40.64,2939000,45.39,44.39,
30/01/2017,44.39,44.59,44.83,44.14,39.78,2872600,44.87,44.79,
31/01/2017,44.79,45.09,45.12,44.35,40.14,2654900,44.84,45.44,
1/2/2017,45.44,45.11,45.57,44.83,40.72,3194100,44.87,44.61,
2/2/2017,44.61,44.69,44.86,44.37,39.98,3291200,44.95,42.67,
3/2/2017,42.67,43.26,43.35,42.65,38.24,5409600,44.24,42.78,
6/2/2017,42.78,42.46,42.82,42.35,38.34,7227500,43.35,43.02,
7/2/2017,43.02,43.13,43.44,42.94,38.55,5102700,42.82,42.94,
8/2/2017,42.94,42.73,43.13,42.44,38.48,3627700,42.91,43.14,
9/2/2017,43.14,42.65,43.19,42.41,38.66,4377800,43.03,45.41,
10/2/2017,45.41,44.09,45.41,44.06,40.7,5837100,43.83,46.65,
13/02/2017,46.65,46.08,47.11,46.06,41.81,10257300,45.07,46.25,
14/02/2017,46.25,46.1,46.34,45.7,41.45,3537500,46.1,45.93,
15/02/2017,45.93,46.12,46.35,45.84,41.16,2168600,46.28,46.13,
16/02/2017,46.13,46.18,46.3,45.91,41.34,2409500,46.1,45.5,
17/02/2017,45.5,45.29,45.5,45.12,40.78,2245600,45.85,46.15,
21/02/2017,46.15,45.99,46.24,45.88,41.36,3233300,45.93,44.34,
22/02/2017,44.34,43.96,44.55,43.93,40.85,2902800,45.33,42.51,
23/02/2017,42.51,44.49,44.57,42.44,39.16,10057400,44.33,41.69,
24/02/2017,41.69,41.51,42.21,41.25,38.41,6574600,42.85,41.83,
27/02/2017,41.83,41.7,42.4,41.65,38.54,4609200,42.01,41.52,
28/02/2017,41.52,41.39,41.69,41.35,38.25,2896500,41.68,42.91,
1/3/2017,42.91,42.27,43.02,42.13,39.53,4902400,42.09,41.23,
2/3/2017,41.23,42.49,42.64,41.15,37.99,4255700,41.89,41.79,
3/3/2017,41.79,41.39,41.81,41.25,38.5,2590300,41.98,40.68,
6/3/2017,40.68,40.83,40.92,40.53,37.48,3035200,41.23,40.62,
7/3/2017,40.62,41,41.06,40.59,37.42,3483500,41.03,39.9,
8/3/2017,39.9,41.03,41.07,39.73,36.76,8132500,40.4,39.41,
9/3/2017,39.41,39.44,39.81,39.13,36.31,5291700,39.98,39.39,
10/3/2017,39.39,39.8,39.96,39.06,36.29,4955000,39.57,40.85,
13/03/2017,40.85,40.79,41.03,40.65,37.64,3743300,39.88,40.55,
14/03/2017,40.55,40.3,40.9,39.93,37.36,3521100,40.26,43.06,
15/03/2017,43.06,41.54,43.1,41.19,39.67,7646500,41.49,42.93,
16/03/2017,42.93,43.4,43.48,42.86,39.55,6785500,42.18,43.03,
17/03/2017,43.03,43.32,43.46,42.98,39.64,3210900,43.01,43.26,
20/03/2017,43.26,43.07,43.34,42.87,39.86,2175700,43.07,41.01,
21/03/2017,41.01,42.93,43.06,40.98,37.78,6132400,42.43,41.56,
22/03/2017,41.56,41.2,41.8,40.99,38.29,3774000,41.94,41.33,
23/03/2017,41.33,41.42,41.68,41.06,38.08,2742400,41.3,40.84,
24/03/2017,40.84,41.32,41.4,40.58,37.63,6281500,41.24,40.23,
27/03/2017,40.23,39.92,40.32,39.45,37.06,5055900,40.8,40.86,
28/03/2017,40.86,40.31,41.1,40.27,37.64,3192800,40.64,40.88,
29/03/2017,40.88,40.56,41.07,40.51,37.66,3056500,40.66,41.08,
30/03/2017,41.08,41.16,41.5,41.03,37.85,2920500,40.94,40.68,
31/03/2017,40.68,40.35,40.92,40.14,37.48,2423600,40.88,40.47,
3/4/2017,40.47,40.8,41.02,40.1,37.29,2671400,40.74,41.03,
4/4/2017,41.03,41.05,41.18,40.73,37.8,2565500,40.73,40.75,
5/4/2017,40.75,41.78,41.98,40.72,37.54,3463100,40.75,40.98,
6/4/2017,40.98,41.11,41.42,40.8,37.75,5023200,40.92,40.61,
7/4/2017,40.61,40.08,41.13,40,37.41,3305600,40.78,40.87,
10/4/2017,40.87,40.89,41.06,40.7,37.65,2822900,40.82,41.44,
11/4/2017,41.44,41.86,41.9,40.73,38.18,4012600,40.97,39.28,
12/4/2017,39.28,39.99,40.09,39.07,36.19,5776600,40.53,38.94,
13/04/2017,38.94,39.15,39.4,38.84,35.88,2975000,39.89,39.01,
17/04/2017,39.01,39.2,39.22,38.63,35.94,2345600,39.08,38.62,
18/04/2017,38.62,38.63,38.94,38.23,35.58,4297400,38.86,38.52,
19/04/2017,38.52,39.31,39.37,38.45,35.49,3513800,38.72,39.57,
20/04/2017,39.57,39.26,39.76,39.13,36.46,3470300,38.9,39.53,
21/04/2017,39.53,39.84,39.85,39.32,36.42,2973600,39.21,40.11,
24/04/2017,40.11,40.08,40.28,39.84,36.95,3008300,39.74,40.34,
25/04/2017,40.34,40.14,40.42,39.88,37.17,2695600,39.99,40.08,
26/04/2017,40.08,39.51,40.43,39.5,36.93,2249400,40.18,39.53,
27/04/2017,39.53,39.87,39.87,39.05,36.42,2789300,39.98,39.82,
28/04/2017,39.82,40.11,40.16,39.77,36.69,1575000,39.81,40.07,
1/5/2017,40.07,39.96,40.15,39.72,36.92,1775000,39.81,39.84,
2/5/2017,39.84,39.59,39.89,39.57,36.7,3097500,39.91,38.37,
3/5/2017,38.37,38.77,38.91,38.26,35.35,3225300,39.43,38.07,
4/5/2017,38.07,37.94,38.19,37.67,35.07,3830600,38.76,38.9,
5/5/2017,38.9,38.59,39.1,38.4,35.84,3220600,38.45,38.47,
8/5/2017,38.47,38.35,38.51,38.17,35.44,2181300,38.48,38.48,
9/5/2017,38.48,38.92,39.08,38.37,35.45,4299300,38.62,38.81,
10/5/2017,38.81,39.02,39.09,38.72,35.76,2094200,38.59,38.77,
11/5/2017,38.77,38.94,38.96,38.64,35.72,2243100,38.69,38.69,
12/5/2017,38.69,38.5,38.69,38.43,35.65,1582400,38.76,39.19,
15/05/2017,39.19,39.31,39.49,39.11,36.11,2532300,38.88,40.45,
16/05/2017,40.45,39.94,40.55,39.91,37.27,4109100,39.44,40.1,
17/05/2017,40.1,40.23,40.64,40.09,36.94,4817000,39.91,40.41,
18/05/2017,40.41,39.87,40.63,39.63,37.23,3995800,40.32,41.38,
19/05/2017,41.38,41.11,41.72,41.04,38.12,4370500,40.63,42.13,
22/05/2017,42.13,42.21,42.31,41.83,38.81,3363500,41.31,41.86,
23/05/2017,41.86,41.86,42.06,41.72,38.57,2934700,41.79,41.5,
24/05/2017,41.5,41.22,41.69,41.13,38.23,2867600,41.83,41.39,
25/05/2017,41.39,41.55,41.96,41.02,38.13,3156900,41.58,40.98,
26/05/2017,40.98,41.41,41.47,40.95,37.75,2046900,41.29,41.3,
30/05/2017,41.3,41.28,41.46,41.07,38.05,1237500,41.22,40.31,
31/05/2017,40.31,40.56,40.79,40.24,37.14,2881800,40.86,40.65,
1/6/2017,40.65,40.51,40.86,40.44,37.45,1873800,40.75,40.8,
2/6/2017,40.8,40.74,41.03,40.32,37.59,2329500,40.59,40.41,
5/6/2017,40.41,40.62,40.75,40.35,37.23,1587500,40.62,40.96,
6/6/2017,40.96,40.36,41.05,40.32,37.74,2052800,40.72,41.24,
7/6/2017,41.24,41.32,41.5,40.87,37.99,3218800,40.87,42.11,
8/6/2017,42.11,41.22,42.16,41.21,38.8,2582800,41.44,41.73,
9/6/2017,41.73,41.62,42.2,41.45,38.45,2837900,41.69,41.04,
12/6/2017,41.04,41.6,41.83,40.91,37.81,5171800,41.63,41.16,
13/06/2017,41.16,41.09,41.29,40.97,37.92,2172800,41.31,39.89,
14/06/2017,39.89,41.25,41.27,39.6,36.75,3817300,40.7,39.35,
15/06/2017,39.35,39.45,39.72,38.96,36.25,3258600,40.13,39.3,
16/06/2017,39.3,39.43,39.51,38.89,36.21,3250400,39.51,39.25,
19/06/2017,39.25,39.54,39.76,39.23,36.16,2430800,39.3,38,
20/06/2017,38,38.67,38.68,37.66,35.01,4195300,38.85,38.32,
21/06/2017,38.32,38.58,38.78,38.1,35.3,3200700,38.52,38.71,
22/06/2017,38.71,38.08,38.99,38.08,35.66,5617400,38.34,39.17,
23/06/2017,39.17,39.1,39.37,38.86,36.09,2726200,38.73,39.28,
26/06/2017,39.28,39.5,39.61,38.95,36.19,1794900,39.05,40.19,
27/06/2017,40.19,39.28,40.92,39.28,37.03,5701900,39.55,41.17,
28/06/2017,41.17,41.1,41.27,40.81,37.93,3386500,40.21,41.84,
29/06/2017,41.84,42.17,42.41,41.51,38.55,3158200,41.07,42.31,
30/06/2017,42.31,42.55,42.55,42.08,38.98,2719800,41.77,43.6,
3/7/2017,43.6,43.23,43.84,43.13,40.17,3051000,42.58,43.29,
5/7/2017,43.29,43.86,43.95,43.14,39.88,4896300,43.07,43.14,
6/7/2017,43.14,43.25,43.66,43.08,39.74,3800500,43.34,43.5,
7/7/2017,43.5,43.54,43.63,43.15,40.08,3721300,43.31,44.22,
10/7/2017,44.22,42.69,44.39,42.65,40.74,4726100,43.62,44.72,
11/7/2017,44.72,44.41,44.87,44.2,41.2,4563500,44.15,44.69,
12/7/2017,44.69,44.73,44.93,44.49,41.17,2660300,44.54,44.56,
13/07/2017,44.56,44.59,44.86,44.28,41.05,2438300,44.66,45.17,
14/07/2017,45.17,45.3,45.58,45.08,41.62,3529400,44.81,45.45,
17/07/2017,45.45,45.44,45.71,45.39,41.87,2513400,45.06,45.48,
18/07/2017,45.48,44.63,45.5,44.56,41.9,3872400,45.37,45.36,
19/07/2017,45.36,45.29,45.57,45.21,41.79,2167700,45.43,44.54,
20/07/2017,44.54,44.71,44.84,44.1,41.03,2950300,45.13,44.14,
21/07/2017,44.14,44.35,44.41,43.85,40.67,3276100,44.68,43.9,
24/07/2017,43.9,44.03,44.18,43.12,40.45,4568100,44.19,45.93,
25/07/2017,45.93,45.23,46.18,45.08,42.32,6872400,44.66,46.02,
26/07/2017,46.02,46.07,46.22,45.56,42.4,4256700,45.28,45.87,
27/07/2017,45.87,46.02,46.56,45.65,42.26,3077400,45.94,46.61,
28/07/2017,46.61,45.95,46.84,45.91,42.94,3720300,46.17,47.38,
31/07/2017,47.38,47.2,47.51,46.99,43.65,4547400,46.62,47.13,
1/8/2017,47.13,47,47.23,46.77,43.42,3056400,47.04,46.01,
2/8/2017,46.01,45.58,46.05,45.34,42.39,3787300,46.84,46.18,
3/8/2017,46.18,46.18,46.48,45.94,42.55,1874200,46.44,46.83,
4/8/2017,46.83,47.07,47.08,46.64,43.14,2267800,46.34,47.85,
7/8/2017,47.85,47.51,48.03,47.45,44.08,2989800,46.95,47.29,
8/8/2017,47.29,47.17,47.61,47.05,43.57,3563700,47.32,46.16,
9/8/2017,46.16,46.07,46.36,45.81,43.54,3812900,47.1,45.37,
10/8/2017,45.37,45.7,45.83,45.34,42.79,2259800,46.27,44.61,
11/8/2017,44.61,44.33,44.75,44.24,42.08,5583500,45.38,44.76,
14/08/2017,44.76,44.71,45.05,44.67,42.22,2486500,44.91,44.21,
15/08/2017,44.21,43.96,44.33,43.88,41.7,3159400,44.53,45.24,
16/08/2017,45.24,44.91,45.37,44.78,42.67,2830200,44.74,44.32,
17/08/2017,44.32,44.9,45.01,44.26,41.8,1994900,44.59,44.64,
18/08/2017,44.64,44.58,44.84,44.46,42.11,1906600,44.73,45.2,
21/08/2017,45.2,45.15,45.33,44.96,42.63,2226000,44.72,46.15,
22/08/2017,46.15,45.98,46.3,45.89,43.53,4196700,45.33,47.31,
23/08/2017,47.31,46.27,47.41,46.19,44.62,7937300,46.22,47.59,
24/08/2017,47.59,47.24,47.83,46.97,44.89,3737800,47.02,47.69,
25/08/2017,47.69,48.17,48.24,47.65,44.98,3351000,47.53,48.03,
28/08/2017,48.03,47.83,48.21,47.66,45.3,1703900,47.77,48.11,
29/08/2017,48.11,47.59,48.29,47.5,45.38,2793200,47.94,47.91,
30/08/2017,47.91,48.16,48.33,47.89,45.19,3006800,48.02,49.08,
31/08/2017,49.08,48.84,49.27,48.74,46.29,4176100,48.37,49.53,
1/9/2017,49.53,49.57,49.79,49.28,46.72,2535400,48.84,48.84,
5/9/2017,48.84,49.31,49.42,48.25,46.07,4863000,49.15,49.15,
6/9/2017,49.15,48.84,49.29,48.78,46.36,2098200,49.17,49.53,
7/9/2017,49.53,49.46,49.58,49.23,46.72,1986500,49.17,48.27,
8/9/2017,48.27,49.28,49.34,48.01,45.53,3285200,48.98,49.24,
11/9/2017,49.24,48.6,49.44,48.57,46.45,2116600,49.01,49.66,
12/9/2017,49.66,49.57,49.89,49.48,46.84,2701900,49.06,48.84,
13/09/2017,48.84,48.67,48.89,48.53,46.07,2265700,49.25,47.96,
14/09/2017,47.96,47.71,47.99,47.48,45.24,2715800,48.82,47.63,
15/09/2017,47.63,47.7,47.93,47.6,44.93,3392000,48.14,48.24,
18/09/2017,48.24,47.83,48.27,47.81,45.5,2019700,47.94,48.45,
19/09/2017,48.45,47.99,48.52,47.77,45.7,2079600,48.11,47.82,
20/09/2017,47.82,48.23,48.4,47.42,45.11,3282200,48.17,47.85,
21/09/2017,47.85,47.5,48.09,47.28,45.13,3621400,48.04,47.82,
22/09/2017,47.82,47.7,48.18,47.65,45.11,2006700,47.83,47.08,
25/09/2017,47.08,47.5,47.62,46.82,44.41,2300000,47.58,46.61,
26/09/2017,46.61,47.08,47.16,46.51,43.96,2929800,47.17,46.95,
27/09/2017,46.95,47.24,47.28,46.56,44.29,1970100,46.88,46.95,
28/09/2017,46.95,46.38,47.06,46.24,44.29,2406400,46.84,47.19,
29/09/2017,47.19,47.25,47.45,47.05,44.51,1546300,47.03,47.93,
2/10/2017,47.93,47.44,48.03,47.41,45.21,1803900,47.36,48.39,
3/10/2017,48.39,48.31,48.44,48.15,45.64,2229700,47.84,48.52,
4/10/2017,48.52,48.77,48.86,48.4,45.77,1373900,48.28,48.73,
5/10/2017,48.73,48.75,49.17,48.69,45.96,1864500,48.55,49.08,
6/10/2017,49.08,48.82,49.19,48.64,46.29,2709100,48.78,48.07,
9/10/2017,48.07,49.15,49.25,47.96,45.34,3612100,48.63,48.26,
10/10/2017,48.26,48.19,48.4,47.98,45.52,2010600,48.47,47.75,
11/10/2017,47.75,48.12,48.14,47.55,45.04,1808100,48.03,48.08,
12/10/2017,48.08,47.86,48.24,47.69,45.35,2230400,48.03,50.01,
13/10/2017,50.01,49.42,50.13,49.24,47.17,3803100,48.61,50.02,
16/10/2017,50.02,50.67,50.77,49.83,47.18,2595900,49.37,49.79,
17/10/2017,49.79,49.9,50.02,49.55,46.96,1936300,49.94,48.02,
18/10/2017,48.02,48.86,49.02,47.64,45.29,5009300,49.28,48.13,
19/10/2017,48.13,47.86,48.41,47.79,45.4,2202000,48.65,48.37,
20/10/2017,48.37,48.45,48.63,47.84,45.62,2163600,48.17,47.96,
23/10/2017,47.96,47.96,48.19,47.9,45.24,1115100,48.15,47.98,
24/10/2017,47.98,47.62,48.14,47.61,45.26,1712900,48.1,47.1,
25/10/2017,47.1,47.58,47.58,46.76,44.43,1941200,47.68,47.21,
26/10/2017,47.21,47.88,47.91,47.2,44.53,2291800,47.43,47.45,
27/10/2017,47.45,46.76,47.66,46.7,44.76,1788500,47.25,47.33,
30/10/2017,47.33,47.7,47.84,47.23,44.64,1738100,47.33,47.93,
31/10/2017,47.93,47.33,48.1,47.16,45.21,1845100,47.57,49.03,
1/11/2017,49.03,49.46,49.47,48.97,46.25,2660900,48.1,49.48,
2/11/2017,49.48,49.26,49.78,49.2,46.67,1899600,48.81,49.24,
3/11/2017,49.24,49.66,49.66,49,46.45,1358400,49.25,50.39,
6/11/2017,50.39,50.04,50.44,50,47.53,2318200,49.7,49.89,
7/11/2017,49.89,50.38,50.42,49.52,47.06,2144200,49.84,50.5,
8/11/2017,50.5,50.21,50.56,49.78,47.63,2300400,50.26,49.12,
9/11/2017,49.12,48.95,49.13,48.57,46.33,3413100,49.84,49.51,
10/11/2017,49.51,49.39,49.67,49.14,46.7,1695600,49.71,49.2,
13/11/2017,49.2,48.75,49.51,48.75,46.41,1957500,49.28,48,
14/11/2017,48,48.39,48.48,47.7,45.28,2870900,48.9,47.56,
15/11/2017,47.56,47.14,47.75,46.72,44.86,3204300,48.25,47.63,
16/11/2017,47.63,47.85,47.87,47.38,44.93,1895300,47.73,47.59,
17/11/2017,47.59,47.55,47.87,47.44,44.89,1933100,47.59,47.82,
20/11/2017,47.82,47.48,47.84,47.24,45.11,2454400,47.68,48.05,
21/11/2017,48.05,47.95,48.36,47.87,45.32,2579500,47.82,49.01,
22/11/2017,49.01,48.74,49.13,48.71,46.23,1934200,48.29,49.43,
24/11/2017,49.43,49.27,49.65,49.27,46.62,1084700,48.83,48.88,
27/11/2017,48.88,49.55,49.62,48.83,46.11,1317500,49.11,48.71,
28/11/2017,48.71,48.33,48.74,48.2,45.95,2108700,49.01,47.89,
29/11/2017,47.89,48.12,48.52,47.67,45.17,2171800,48.49,47.9,
30/11/2017,47.9,48.13,48.26,47.79,45.18,1809400,48.17,48.3,
1/12/2017,48.3,48.05,48.72,47.63,45.56,2624000,48.03,48.29,
4/12/2017,48.29,48.49,48.75,48.27,45.55,1895500,48.16,47.2,
5/12/2017,47.2,47.24,47.68,47.07,44.52,2886200,47.93,47.45,
6/12/2017,47.45,47,47.64,46.97,44.76,3001300,47.65,47.06,
7/12/2017,47.06,46.82,47.18,46.77,44.39,2682400,47.24,47.17,
8/12/2017,47.17,47.33,47.55,47.04,44.49,2329100,47.23,47.95,
11/12/2017,47.95,47.9,48.24,47.84,45.23,1932000,47.39,47.7,
12/12/2017,47.7,47.75,48.03,47.36,44.99,3417400,47.61,48.6,
13/12/2017,48.6,47.96,48.75,47.82,45.84,4166500,48.08,48.06,
14/12/2017,48.06,48.77,48.83,48.04,45.33,3277200,48.12,49.12,
15/12/2017,49.12,48.8,49.15,48.68,46.33,3388800,48.59,49.88,
18/12/2017,49.88,49.56,50.17,49.54,47.05,2297200,49.02,49.49,
19/12/2017,49.49,49.42,49.78,49.26,46.68,1740200,49.5,50.57,
20/12/2017,50.57,50.31,50.71,50.02,47.7,2754700,49.98,51.41,
21/12/2017,51.41,50.97,51.46,50.87,48.49,2560900,50.49,51.09,
22/12/2017,51.09,51.28,51.41,50.94,48.19,1619400,51.02,51.42,
26/12/2017,51.42,51.03,51.72,50.4,48.5,2299500,51.31,51.75,
27/12/2017,51.75,52.01,52.17,51.61,48.81,1887700,51.42,52.76,
28/12/2017,52.76,52.63,52.88,52.42,49.77,2387400,51.98,52.93,
29/12/2017,52.93,53.69,53.69,52.6,49.93,2964200,52.48,54.75,
2/1/2018,54.75,53.95,54.88,53.82,51.64,3907400,53.48,54.95,
3/1/2018,54.95,54.75,55,54.43,51.83,2849200,54.21,54.7,
4/1/2018,54.7,54.87,55,54.64,51.6,2377700,54.8,54.54,
5/1/2018,54.54,54.65,54.66,54.15,51.44,3631800,54.73,55.65,
8/1/2018,55.65,55,55.68,54.94,52.49,2781600,54.96,55.74,
9/1/2018,55.74,56,56.14,55.61,52.58,2735100,55.31,56.08,
10/1/2018,56.08,55.92,56.16,55.7,52.9,2497600,55.82,57.24,
11/1/2018,57.24,56.66,57.28,56.62,53.99,2578000,56.35,57.67,
12/1/2018,57.67,57.54,57.78,57.43,54.4,2363800,57,55.78,
16/01/2018,55.78,56.57,56.73,55.67,52.61,3844900,56.9,56.27,
17/01/2018,56.27,56.31,56.49,55.91,53.08,2347800,56.57,56.24,
18/01/2018,56.24,56.26,56.43,55.85,53.05,2059100,56.1,56.05,
19/01/2018,56.05,56.55,56.78,55.91,52.87,2510600,56.19,56.45,
22/01/2018,56.45,56.33,56.47,55.96,53.25,2278000,56.25,55.66,
23/01/2018,55.66,55.87,55.89,55.13,52.5,2684100,56.05,56.15,
24/01/2018,56.15,56.46,56.58,55.97,52.96,2116900,56.09,55.76,
25/01/2018,55.76,56.86,56.98,55.71,52.6,2522800,55.86,56.31,
26/01/2018,56.31,55.96,56.43,55.83,53.11,1413900,56.07,56.65,
29/01/2018,56.65,57.18,57.28,56.6,53.43,2507800,56.24,56.17,
30/01/2018,56.17,56.75,56.76,56.08,52.98,1914400,56.38,56.11,
31/01/2018,56.11,56.22,56.41,55.77,52.93,2124100,56.31,56.52,
1/2/2018,56.52,56.21,56.67,56.1,53.31,2255700,56.27,54.33,
2/2/2018,54.33,56.53,56.53,54.12,51.25,4950600,55.65,53.29,
5/2/2018,53.29,54.98,55.6,52.72,50.27,3873600,54.71,55.19,
6/2/2018,55.19,53.68,55.61,53.42,52.06,6956300,54.27,53.9,
7/2/2018,53.9,54.37,54.71,53.8,50.84,4165400,54.13,52.27,
8/2/2018,52.27,54,54.12,52.13,49.3,4991900,53.79,53.72,
9/2/2018,53.72,53.15,53.95,51.78,50.67,5096700,53.3,55.19,
12/2/2018,55.19,54.21,55.49,54.15,52.06,5615000,53.73,55.71,
13/02/2018,55.71,55.37,55.99,55.14,52.55,3191000,54.87,58.04,
14/02/2018,58.04,55.23,58.2,55.11,54.75,5440700,56.31,58.9,
15/02/2018,58.9,59.04,59.25,58.21,55.56,3404600,57.55,57.82,
16/02/2018,57.82,58.06,58.73,57.73,54.54,3362000,58.25,56.27,
20/02/2018,56.27,56.55,56.88,55.96,53.08,3964300,57.66,55.97,
21/02/2018,55.97,56.36,57.18,55.97,52.79,2268000,56.69,56.61,
22/02/2018,56.61,56.16,57.01,56.03,53.4,2319200,56.28,57.07,
23/02/2018,57.07,56.66,57.09,56.46,53.83,1287900,56.55,58.01,
26/02/2018,58.01,57.61,58.19,57.2,54.72,2900100,57.23,56.55,
27/02/2018,56.55,57.48,57.5,56.47,53.34,4201900,57.21,54.71,
28/02/2018,54.71,55.38,55.61,54.66,51.6,5776800,56.42,52.64,
1/3/2018,52.64,53.1,53.25,51.99,51.35,4861600,54.63,51.48,
2/3/2018,51.48,51.4,51.81,50.77,50.22,5408000,52.94,52.25,
5/3/2018,52.25,51.11,52.32,51.05,50.97,2914800,52.12,53.22,
6/3/2018,53.22,52.78,53.57,52.78,51.92,4165200,52.32,52.61,
7/3/2018,52.61,52.43,52.96,52.18,51.32,3759500,52.69,51.91,
8/3/2018,51.91,52.18,52.24,51.31,50.64,4681200,52.58,52.07,
9/3/2018,52.07,52.23,52.73,51.84,50.8,3275500,52.2,52.22,
12/3/2018,52.22,52.26,52.41,52,50.94,2079700,52.07,52.04,
13/03/2018,52.04,52.77,52.99,52,50.77,2551600,52.11,52.2,
14/03/2018,52.2,53.06,53.13,51.91,50.92,2944400,52.15,52.6,
15/03/2018,52.6,52.67,52.83,52.36,51.31,5063200,52.28,52.58,
16/03/2018,52.58,52.66,52.93,52.39,51.29,2006700,52.46,51.62,
19/03/2018,51.62,52,52.02,51.19,50.36,2816700,52.27,51.7,
20/03/2018,51.7,51.69,52.22,51.44,50.44,2106700,51.97,53.26,
21/03/2018,53.26,51.83,53.49,51.7,51.96,3824200,52.19,50.79,
22/03/2018,50.79,51.67,51.87,50.61,49.55,4288800,51.92,50.51,
23/03/2018,50.51,51.01,51.64,50.46,49.27,3124300,51.52,51.45,
26/03/2018,51.45,51.62,51.68,50.74,50.19,2292100,50.92,50.69,
27/03/2018,50.69,52.16,52.17,50.46,49.45,3806300,50.88,50.2,
28/03/2018,50.2,50.3,50.51,49.69,48.97,3365100,50.78,51.53,
29/03/2018,51.53,51.2,51.9,51.1,50.27,3074000,50.81,51.31,
2/4/2018,51.31,51.72,52.01,51.01,50.06,2179700,51.01,51.29,
3/4/2018,51.29,51.8,52.23,50.98,50.04,2950900,51.38,50.98,
4/4/2018,50.98,50.06,51.06,50.05,49.73,2624400,51.19,51.52,
5/4/2018,51.52,51.6,51.94,51.35,50.26,3076600,51.26,50.55,
6/4/2018,50.55,50.99,51.2,50.32,49.31,2545100,51.02,50.93,
9/4/2018,50.93,50.98,51.62,50.41,49.68,3645400,51,53.14,
10/4/2018,53.14,53.12,53.6,52.77,51.84,4436400,51.54,53.14,
11/4/2018,53.14,52.78,53.77,52.76,51.84,3228200,52.4,53.81,
12/4/2018,53.81,53.38,54.07,53.16,52.49,2604300,53.36,54.26,
13/04/2018,54.26,54.64,54.68,54.13,52.93,2687900,53.74,54.23,
16/04/2018,54.23,54.97,54.98,53.87,52.9,2414500,54.1,54.74,
17/04/2018,54.74,54.64,54.89,54.38,53.4,4476400,54.41,56.85,
18/04/2018,56.85,56.73,57.4,56.64,55.46,5314600,55.27,56.56,
19/04/2018,56.56,57.01,57.14,56.14,55.18,2666000,56.05,56.6,
20/04/2018,56.6,56.56,56.93,56.19,55.22,2489500,56.67,55.52,
23/04/2018,55.52,55.29,55.93,55.05,54.16,3019600,56.23,55.68,
24/04/2018,55.68,56.1,56.49,55.16,54.32,2321400,55.93,55.23,
25/04/2018,55.23,55.01,55.49,54.67,53.88,2535300,55.48,55.68,
26/04/2018,55.68,56.22,56.22,55.34,54.32,1910100,55.53,55.14,
27/04/2018,55.14,55.03,55.55,54.93,53.79,2835600,55.35,54.95,
30/04/2018,54.95,55.01,55.34,54.91,53.61,1855400,55.26,54.56,
1/5/2018,54.56,54.72,54.76,53.88,53.23,2493400,54.88,55.02,
2/5/2018,55.02,55.43,55.58,54.85,53.67,2115000,54.84,55.46,
3/5/2018,55.46,55.48,55.64,54.65,54.1,1911000,55.01,55.62,
4/5/2018,55.62,55.21,55.89,55.13,54.26,1997600,55.37,55.48,
7/5/2018,55.48,55.8,55.86,55.24,54.12,1757500,55.52,55.41,
8/5/2018,55.41,55.35,55.42,54.69,54.05,2571300,55.5,56.56,
9/5/2018,56.56,55.97,56.79,55.84,55.18,3765900,55.82,57.35,
10/5/2018,57.35,56.78,57.44,56.62,55.95,2198700,56.44,57.39,
11/5/2018,57.39,57.97,58.12,57.22,55.99,2502900,57.1,57.85,
14/05/2018,57.85,57.99,58.2,57.67,56.44,1983700,57.53,57.52,
15/05/2018,57.52,57,57.7,56.81,56.11,1449300,57.59,58.93,
16/05/2018,58.93,58.96,59.27,58.84,57.49,2722200,58.1,58.98,
17/05/2018,58.98,58.55,59.19,58.49,57.54,1521300,58.48,58.41,
18/05/2018,58.41,58.55,58.89,58.25,56.98,1965200,58.77,59.16,
21/05/2018,59.16,58.99,59.3,58.85,57.71,2269500,58.85,58.96,
22/05/2018,58.96,59.19,59.66,58.75,57.52,4043000,58.84,57.76,
23/05/2018,57.76,57.68,57.86,57.13,56.35,2584200,58.63,57.6,
24/05/2018,57.6,57.52,57.67,57.02,56.19,1461300,58.11,56.98,
25/05/2018,56.98,56.9,57.14,56.54,55.59,1229300,57.45,55.82,
29/05/2018,55.82,56.36,56.64,55.58,54.45,1947200,56.8,56.71,
30/05/2018,56.71,56.4,57.1,56.08,55.32,2375700,56.5,56.7,
31/05/2018,56.7,57.1,57.17,56.32,55.31,1629200,56.41,57.54,
1/6/2018,57.54,57.36,57.82,57.14,56.13,1562500,56.98,57.66,
4/6/2018,57.66,57.99,58.1,57.55,56.25,1157900,57.3,58.53,
5/6/2018,58.53,58.13,58.6,58.03,57.1,1889900,57.91,60.67,
6/6/2018,60.67,59.58,60.72,59.56,59.19,4521200,58.95,59.64,
7/6/2018,59.64,59.94,60.46,59.07,58.18,2969400,59.61,59.22,
8/6/2018,59.22,59.52,59.63,59.06,57.77,1929900,59.84,59.1,
11/6/2018,59.1,59.23,59.52,59.06,57.65,2422800,59.32,58.77,
12/6/2018,58.77,58.73,58.98,58.47,57.33,1472100,59.03,58.73,
13/06/2018,58.73,58.55,59.07,58.3,57.29,1677400,58.87,58.5,
14/06/2018,58.5,58.71,59.04,58.19,57.07,1959800,58.67,56.79,
15/06/2018,56.79,57.05,57.14,56.08,55.4,3674200,58.01,57.06,
18/06/2018,57.06,56.11,57.1,56.04,55.66,2698100,57.45,54.95,
19/06/2018,54.95,54.49,54.99,54.27,53.61,4656700,56.27,55.07,
20/06/2018,55.07,55.55,55.56,54.65,53.72,2452500,55.69,54.72,
21/06/2018,54.72,54.81,55,54.52,53.38,2221600,54.91,55.46,
22/06/2018,55.46,56.02,56.1,55.41,54.1,2400100,55.08,54.12,
25/06/2018,54.12,54.36,54.53,53.62,52.8,2767400,54.77,55.11,
26/06/2018,55.11,54.25,55.33,54.15,53.76,5309800,54.9,54.94,
27/06/2018,54.94,55.31,55.88,54.74,53.6,6252700,54.72,55.52,
28/06/2018,55.52,54.74,55.8,54.62,54.16,5145700,55.19,55.48,
29/06/2018,55.48,56.02,56.44,55.39,54.12,3292100,55.31,53.96,
2/7/2018,53.96,54.15,54.28,53.56,52.64,4498600,54.99,53.8,
3/7/2018,53.8,54.55,54.59,53.66,52.48,2389600,54.41,54.08,
5/7/2018,54.08,53.93,54.23,53.68,52.76,1847700,53.95,54.65,
6/7/2018,54.65,53.91,54.82,53.76,53.31,4809500,54.18,55.97,
9/7/2018,55.97,55.36,56.02,55.06,54.6,4294100,54.9,56.21,
10/7/2018,56.21,55.63,56.23,55.54,54.84,5835100,55.61,53.38,
11/7/2018,53.38,54.01,54.43,52.98,52.07,6101000,55.19,54.05,
12/7/2018,54.05,53.94,54.11,53.52,52.73,2413200,54.55,54,
13/07/2018,54,53.81,54.18,53.59,52.68,1494400,53.81,53.64,
16/07/2018,53.64,53.63,53.78,53.39,52.33,1793100,53.9,54.24,
17/07/2018,54.24,54.03,54.52,53.88,52.91,2114700,53.96,54.94,
18/07/2018,54.94,54.42,54.96,54.05,53.6,2194200,54.27,53.63,
19/07/2018,53.63,53.9,54.07,53.06,52.32,3211700,54.27,53.84,
20/07/2018,53.84,53.46,54.32,53.39,52.52,2712500,54.14,53.8,
23/07/2018,53.8,53.87,53.95,53.64,52.48,2040200,53.76,55.88,
24/07/2018,55.88,56.59,56.96,55.86,54.51,5503300,54.51,56.31,
25/07/2018,56.31,55.12,56.31,54.96,54.93,2692600,55.33,55.09,
26/07/2018,55.09,55.08,55.48,54.76,53.74,3633400,55.76,55.06,
27/07/2018,55.06,55.2,55.71,54.84,53.71,2174400,55.49,54.84,
30/07/2018,54.84,54.91,55.59,54.81,53.5,2921600,55,55.5,
31/07/2018,55.5,56.32,56.35,55.45,54.14,2822100,55.13,53.79,
1/8/2018,53.79,54.21,54.3,53.52,52.47,2389500,54.71,51.85,
2/8/2018,51.85,51.64,52.04,51.41,50.58,6363100,53.71,52.7,
3/8/2018,52.7,51.61,52.86,51.59,51.41,6532300,52.78,51.34,
6/8/2018,51.34,51.44,51.75,51.01,50.08,3486600,51.96,51.51,
7/8/2018,51.51,52.73,52.76,51.38,50.25,3017700,51.85,51.97,
8/8/2018,51.97,51.72,52.2,51.15,50.7,3059100,51.61,50.34,
9/8/2018,50.34,50.86,50.93,50.28,50.34,1683400,51.27,49.53,
10/8/2018,49.53,49.03,49.64,49.03,49.53,4540900,50.61,49.48,
13/08/2018,49.48,49.77,49.9,49.19,49.48,2319500,49.78,49.03,
14/08/2018,49.03,48.96,49.29,48.71,49.03,2571300,49.35,47.43,
15/08/2018,47.43,47.28,47.5,46.73,47.43,4388700,48.65,47.56,
16/08/2018,47.56,47.83,48.14,47.49,47.56,2363200,48.01,48.26,
17/08/2018,48.26,47.44,48.53,47.27,48.26,2067900,47.75,48.2,
20/08/2018,48.2,48.62,48.7,48.06,48.2,2059100,48.01,47.82,
21/08/2018,47.82,48.03,48.15,47.68,47.82,2433500,48.09,48.28,
22/08/2018,48.28,48.61,48.64,48.05,48.28,2713500,48.1,47.27,
23/08/2018,47.27,47.74,47.85,47.22,47.27,2061500,47.79,48.29,
24/08/2018,48.29,48.33,48.53,48.01,48.29,2036400,47.95,48.75,
27/08/2018,48.75,48.72,49.04,48.54,48.75,2067500,48.1,48.76,
28/08/2018,48.76,49.68,49.69,48.69,48.76,3616900,48.6,48.99,
29/08/2018,48.99,48.73,49.15,48.53,48.99,1552800,48.83,48.25,
30/08/2018,48.25,48.61,48.67,48.12,48.25,2074500,48.67,48.03,
31/08/2018,48.03,48.07,48.29,47.73,48.03,1501400,48.42,46.59,
4/9/2018,46.59,46.5,46.73,46.24,46.59,3222100,47.62,46.77,
5/9/2018,46.77,46.81,47.03,46.46,46.77,2562900,47.13,46.59,
6/9/2018,46.59,46.85,47.23,46.3,46.59,2625100,46.65,46.27,
7/9/2018,46.27,46.15,46.48,45.76,46.27,3224300,46.54,46.44,
10/9/2018,46.44,46.67,46.7,46.34,46.44,2242100,46.43,46.28,
11/9/2018,46.28,45.75,46.3,45.62,46.28,2082300,46.33,47.09,
12/9/2018,47.09,46.45,47.32,46.32,47.09,2609600,46.6,47.23,
13/09/2018,47.23,47.67,47.75,46.88,47.23,3187400,46.87,47.45,
14/09/2018,47.45,47.74,47.88,47.34,47.45,1461400,47.26,47.54,
17/09/2018,47.54,47.87,48.05,47.48,47.54,1777500,47.41,48.34,
18/09/2018,48.34,48.28,48.53,48.05,48.34,2478200,47.78,49.28,
19/09/2018,49.28,49.23,49.81,49.19,49.28,3317600,48.39,51.15,
20/09/2018,51.15,51.57,51.57,50.84,51.15,6404500,49.59,51.58,
21/09/2018,51.58,51.6,51.92,51.41,51.58,2754500,50.67,51.48,
24/09/2018,51.48,52,52.16,51.39,51.48,2471300,51.4,52.21,
25/09/2018,52.21,52.2,52.65,52.16,52.21,3001400,51.76,51.53,
26/09/2018,51.53,51.69,51.93,51.41,51.53,2289900,51.74,51.33,
27/09/2018,51.33,51.17,51.5,50.98,51.33,1763600,51.69,51.02,
28/09/2018,51.02,50.94,51.45,50.83,51.02,2353200,51.29,50.96,
1/10/2018,50.96,50.89,51.12,50.44,50.96,1736000,51.1,51.19,
2/10/2018,51.19,50.99,51.32,50.92,51.19,2061600,51.06,51.3,
3/10/2018,51.3,51.71,51.81,51.18,51.3,2185400,51.15,51.16,
4/10/2018,51.16,51.87,51.87,50.91,51.16,1954900,51.22,49.8,
5/10/2018,49.8,50.3,50.31,49.32,49.8,3675400,50.75,49.83,
8/10/2018,49.83,49.72,49.91,49.28,49.83,1909000,50.26,49.9,
